0xa77e54223f9d83c889201e35a81a532082fb6f16,150
0x018cc08Ae86c48D780cAF8117b1aa7295B60F811,105
0xFa9028FE43e73d04e622C1bf277356e67215Bd90,195
0xD9d475967e485206C7b81b3772a5C40De7e7D59c,210
0x4AE931E3C378a25054918954597dd6DEa9c2021B,180
0xbDecbaFE4EB216baB9B695Ad96A60DAB27029403,105
0xb6f614B8002CD61dDeCD88a492f9Aa85Fbed7573,150
0xfE022c583E1cd0153E5140222a8Bc0a8D13Aaf02,240
0xac4B1861559aa3bBeFb2958829a1C953cFB542C9,375
0x19995B7Cb79B7Ac05fd22cc1ee283a437C1fC31a,105
0x8388b3de95b1b1d86cac0e3ba30c30b2b1c6efe3,150
0x266f1Dc4B0bB84B8BCcE58700789a72709180610,105
0x927eb7c11Cd4097BD119eE9893A05E5b99aFBEdb,390
0x8f30cC929556b8CD5F07C7428b30288896ad93c8,135
0x9a3134ad2f50AF45352A583463c061958bA8F886,1035
0x7e5acb1DC0702e989e3bC25eE5048e08a557cE5a,180
0x060974e63ED4c63DCB373E85d6C6b6455dA27E83,120
0x46856891dD8b6331E783559022e3f721bD06aFB6,105
0xE33461464b802f76c768969BA78AFcbC03E8985e,270
0xc0E80E816baf30675C9F730aFEf206bFbD5D06c7,285
0x8b2B231B336E5D8b4c624f5c75dF3bb7Db12b4Ab,270
0x1c77aE43A65E90854db27d9Dd706DD56662F1194,197
0x172751A966901E27b5A1B0400FEF72465FDa0AA3,165
0x9B4E2b29478c87BefEcCF861d39718c2916E9eC0,135
0xb5d2fc20fC4A5615469d5d4a51Ff07E217B57207,165
0x924b0613a750AB575980Fe8456947ea65Ce07f94,570
0x22f2a823E4f92F7247f08edd22D4bC549a2eBEaE,135
0x18Bc8928dCc77DA330B0938e318B034f784b422c,30
0xd1B9a91F8Bf8Ef3de98aF4Af3D0ad4398A3994Ca,150
0x4524E960BE984eD3C20ACF66642693b8d87BB2E3,120
0xBcAD3A73b300730111b3cE09dDb89d701Ca627CE,480
0x0Ef5DDC372fdE697785A2000ABBDa1c3bdB79d01,105
0x2E2Daf78055066e2366906BC65646316CC0248B1,900
0x95D2acCc4d9317E9575E6Ee2AdcC7E8A65B30DC4,1230
0xd818447C9EC0B5b0CC7CEA7598a79115796776BD,1500
0xe4a642d0d5c0c1c9fa0c22de5343726a76e1d21b,120
0x418Ac06E234DE080111a07688aD8eF85eaa67d65,105
0xD43891BEE8519eff47a304ADFDbA7C03D17a411b,195
0x3cEfF291AF8701E80b1B7B43925D74005cCcBcD8,150
0x3089D10bD171947225259e11bfc204C75cd6DbE3,135
0x1c19A29dB63aC600d6d5e73cc71C3d2caeB5f4e3,255
0x4a35f47b0fC4712d87E7669dBB3acD52022C33F3,405
0xBF1593D47c094efc32e39BBA951dE5B9902eEaA5,150
0x211F1e0D7EB3b6c09942E3508972D4803986fa8F,300
0xadDC553A70b645a4e370f3541708b149A76CE19D,165
0xB91f86ebCd755465C24Ba6c09568b2e16d6cc44E,150
0x4A3584Faa3bcB2E4FA6bf90A48824547a9cC586d,735
0xb5760C714d56D99676A7Bce1310eF3ea5348c863,165
0xc34E1E441aa2fd6C8A31b61cB32cdF02aD1FDb26,135
0xaB23CC3a425dc52fAB87E9F51Ff9164a9D0F81CD,135
0x8151115A13e3900f51Cb9295F4f6814Fe2e783Ec,300
0x09aC2A88cDC1Ae4c9194aB81171743827d606A59,240
0x59d6bee31a217af7a060b8f6fcc9f2d60cc5cdd5,645
0xdAD52372a5E4B237cC30Ba350B0feBEf5CeF1858,1230
0x32676c2d34F2C6DE80Ccdd59735028a63002F884,150
0xDf1936BfaD963D8BbCf9Fa787335d6c90EC3a44B,120
0xC0b36Cdfa659D013C489e1dc60D5312527473EfE,135
0xA1775Fcf427441A91263d916e045BBc752d0e605,105
0x3Ac3db21ebAfaf869b554115f5D405A632E378F8,465
0x580891396ED05F833783915E9ea0b27D44162136,225
0x1227B2706F7134eA2283E95A35A15fb42c0Fd6Db,390
0x5E4781c28873d49Be3e9B926117D502E179AfAB9,120
0x6322Ba34Ee90BBc94CC81b07c20DE1182FfBF6E4,120
0x5ECdD72187b5FCFEc522CB125C9e6b0efbCBB05f,1200
0x38Cf170539129E299DCC0981c8594B4bd4fb05C1,120
0xCAB7c563e0963e03Ceb7d86A38724C85330B564E,180
0xB870f75ECef5dc08dA432DdE71c4691617f3d7BA,375
0x576db3662Ba771bd56746d388500F0869deEeAF1,210
0x1faed90d8f96892f495557b0fd46e2b5cde1d69d,150
0x732aBf5f85a83Ae4D18f2dd0794a9427a6fEa066,345
0x91684C41b88500cb5e309d98F329b69B9Fc8C540,375
0x3CD2bCE364e26d780E1391b10C4d2637F1e60164,135
0xcfc1E1a4fc683DCeA7dC63d59c3f96c76Eabc866,180

0xcB944ACfB09c933747Bd61B9D52cE3820F33D428,105

0x91906C200C1e8cC39DA131B0a05AeEC9910C52E6,165

0x1571036B8046aA9B8F75a408943711B3762EfEF5,690

0xd611253B592ffc3c5ab6E8ABb2BbbE7aE82da982,255

0x04523E6A5546Cf38a0ECA2160Eeff0c1E49a0a04,120

0x1c5e28c8714FC658Ed91d008320C304Ee89E904c,570

0x4744b42c653697b1c759cbe1112a3717702acca3,180

0x471d33bdd13510c0c1e61b4a8ed706cd5e02f771,210

0A3b0B12A780ba1cAd422cc7a5A0a3838d0ff9267,30

0x8bC928984c00aD8bd462B148b2b7cE9F55C28eFc,135

0xeFcc7AeB4FC75c93D59264fE5E9ffe1bAd4F7101,105

0xe1bc89535c14ed86a96a0b9abd8ac188a9d9f61c,180

0xF8A45737ad3b3446ae14e5723415615107846b78,420

0x81284563ae834ced2a4c33ec8c6e7103deb9ae22,195

0x6E99D8A2B6315850875Cf3852A06f80Ef311C06e,105

0xDC1D518A05bc39b8D5d6f616E01333FD6F8eC941,165

0x267a57C1C346f270565F090f6D29B2E90c200AcB,660

0x837009d3aa0ff02bf971fe4eb9fc499c286d3927,210

0x6dFc9C30e77abD8dF8B9a0dDf8fE69A0C8636169,105

0x7712C1FD51218e3e0Ae283af052037b08518d92A,150

0x8B5a0eb8c4d0a600cA767beb3a6aE0882A0b7efE,180

0xF800c56b69b37eD070bC013213De623A6F9e70A8,105

0x2902c1952483aB8A55Dd63fCABDaB09A5CB7583F,450

0x185101f85C26f1b14652e673296Fd0B2631CCA5E,165

0xdb857F897969904B539641F6Df64CCbFD3573ef0,2055

0x27b338e023140d5fa7478bF5A61A02010ffD0CAC,135

0x2B37C125C194aEb1da7227B3aAe1a06A6056DC91,315

0x26177DBB9326E220FcAfa680bA445f45723785b1,120

0x46115812Fd32D98e349A3C8C5617DfC8922d1553,120

0x5AA496d3816dfeE8137994e702eBe98086C92cAC,165

0x308b2d853BB3b18483CcC572050840aE05c68A9C,120

0xaaBd86831c4d847458b560CC04382B381B54db7D,105

0x18093827452390f292046761C6DE010188Bb6237,315

0x39b6D4f41C5725b40f184601789d252b27043694,1665

0x87e5F9fDd608C78d308F91f6a150eDcb52e949eb,270

0xbEce5877B385bE9307822ba6dB81c91699BD92dc,240

0xce4911f958548DcE2e852C47B0BaDD8FfAfd19C1,105

0xA631Ec94Edce1Fe78cD7344A029b6C37c0df7dCA,795

0xaa851E7e76d65A92620872644b29e3ebF770ae22,165

0x10D562B90C45dc803535d8644f812f34eC396694,285

0xA0a89389253Bf2CE35393F4Ec0EF6DE55EC97293,195

0x338fDFb97116566544c994e7B5a5A99e01D43d07,105

0xc9fA0Eb7263d4Ae039bFbd98a3Df5C79F60B5892,270

0x28Ca953e7Be82Fbd2f7D2397d4907b336b810941,675

0x5e0cbe4bd2b4e1141c5ddc4e72ea0aec248733b2,180

0x0D0BA51C69eDcD73bF4002343b0D07D06d445552,105

0xa6fE4FB0Fd4469Bf672d583e877255C7D952d30e,2970

0xca2936ad0430e201868d0be9b7ba26d44ffabb9e,120

0x9c820542cfd8721af79e391889867539c317dff9,150

0xC1fa60307D8DBD14e423C12b6bD04ee14e12Ecc3,165

0x67fc7da955a871d3c4a8c3b29cc594d558271c0f,1005

0x908E8E8084d660f8f9054AA8Ad1B31380d04B08F,150

0xA3F8101c586ee5B355a30a2e04cd9201d0a0Fd21,270

0x5D3d886f79C8C577368bC6630093b153E8b8fdEB,390

0xf1361645ffbc0e5c8fed776454db1e39b0b3a2cd,180

0xc92f279Da67f5B7D5d7633A69d24a5cE824c2893,300

0x91406B5d57893E307f042D71C91e223a7058Eb72,510

0x610d3409f5B3C45709d80Fa447680f4a6e4E1554,495

0x0466DaF8F7675F6Ec794b30C5327684BCF9d7ae9,105

0xd22b38F5b476e3d0835FF4EC6DCfB0aa6dcBA02B,2610

0xaF03A809eCC8CF08445CA2621625c6b1DF052eaB,195

0x9eE59c11458D564f83c056aF679da378a1f990a2,435

0xb750DaEEF992A907fbc5fA0D3b0e4D16BdD2dc4F,390

0x5e3b38f8e40e098d1c815c867aedbc0817263f54,270

0x154FE9aE3911e3E5D1b5C6756eA0616F19a419f1,2625

0xFCdB99C6f3c4bc0b492e68c0635089a92951e28A,105

0xaA994e50cA9dcCC1c5FEb3B6da1c8077dF33642A,105

0xE41966b270f9C3239BF40c1f6d74A6264ED12E14,120

0xb91ABf41E68962b11A408ecD0C9ae8F697ef1d73,750

0x5C542CbaE3DD37f03B1fbb52B760f9c50131CDcf,105

0xDC38c7D6DaAf2C5308bF3bBd69937C184752A9fa,330

0x7a790D394c9635A55D121B16BF54D71509780354,165

0x5b8449e988241435bD4B9870Ba528323990bf179,225

0xA5036a32092AF1E0ea8c04C8435CEB578ECE5aBe,120

0x86907DD697E2d25165c408856C5C51abe595d95D,120

0xE5637BAD2fabE83f2E2B431a87B78e2eEAf62218,630

0x6af15c2b2c507d8b62dfcb90d07f6df2169e61c0,180

0x36A90d7003788682D16b5BEF53E2564f1FA223b9,555

0x7392D19F01104306552362D2A412fB3821c5d372,120

0x3a6B7CdaEF5d67Fed5d470C94006c2197924f1c1,180

0x6a6d52fb81580BA0D10c4a3C318A422fF758C35e,285

0x1829014b1D797175487aB7beaB40fbff1Ca5a5AE,480

0x24Bb3E303342839137caC378657B73674d8Ee6aD,180

0x572B0bD8AB927E811e5d431a731c355bB55B6d5d,435

0xb560322995817e4bb31f48b13715032dbe3030cf,150

0xd2FF376B0b32E1D8bA6b228629D9Bd179f7E69e8,240

0xa51815085982203f65eda99d71a3d40f0ec52178,180

0xC8B884855Ab00e84AC8DD32DDce8fE09D24C07c5,105

0x692bC1Ac37Eb913690BF76c2fa9732009a168d9A,945

0xe56e9932331075ea273656BE4E876C8477A2f272,180

0xeC1bdB3A270f16F2Ceeb8217C7efd8B63177cCca,225

0x60392a72c07AFE7b74b413f2E5E082b69b4e089E,135

0x31b4D11C6Af3B9B16ed1FA88D2303041504Ec97A,435

0x76Be8c6f310586B984AaAbD6Fbb4121075E2DA88,105

0xa35487ABC7bD98D6D24226CDa6860a72F6582A78,30

0x880b880ab9BBE19A80C2Bf65155ea51290b5444F,105

0x765AD3Ff78415831d9c69dEE1Cd5D56d09736aDc,240

0xC73e86ae3EC73C4c6f54Bc13DF9eC18e2E479959,240

0x5122A3014BfA0F2718f616FaFe1b0306ba236B7E,105

0xB6098dcE6245997CD06813AA15BF831cE838E8EF,105

0x57a4F3f1A9a7b9f84bB38e9B333CB1CEf13A36Cb,390

0x6C3030Ef8FB4241179ad1Ed4e3B5D42761ceb67e,150

0x99E8C8c1148866444a84529DB76e28644caAea7A,150

0xF5F3a1a2Dc86900970f6e859ca8656a0C1AE9763,210

0x901487deFFC6F56CE38B68bcFaf0029C5529dbe7,150

0xEFD9435dA9EBf373Da357Fcea027130CCb3F29F5,3300

0x2b94C841259e658b8145041F743AbD94b1D9dA7f,180

0xf3fd470989D81D707C31fb693F19A07F443D3dA3,885

0xA3E994F5DfA1bE1725cf95f5e63B1D6288287cbE,480

0x321E9f6d6411605ef8d178ED57E8D0Ec987ef933,315

0x53a5efe2608c1B7b53D2CE2c458a066DAb72Fa5a,315

0xf5EDeFac4bb0B828B0930B089CaB9Be1a729bD4c,300

0x5adaa5dA1b30e50F7d7165690A47FeA763f1fd2d,195

0x02A759492e3b9FAD21964B99837Fd58E89E554CE,180

0xb6Cab4E414E11Dd54c589cD2Bc6a70e8F0314281,375
