0x72034BbFCbF8EBd7e1374B0aA55cC396Bd1B9B42,120

0x6323c8b1afd53a4f3fc7bc032dab709e8985ca54,

0xCD53A55a6195af4870773735616b7Bef2cFb6f87,

0x434EaA43751e17F1488C077d28C22E7959EEa4ab,

0x6bdD5a12f92EeDD04aa8A4Da310C955Ea6a72Fcc,

0x6b8d1AF9390CD966C3536bb260316A8FbE5dC759,

0xdae1809B2f64CAf4a196C889fdAC215506B00538,

0x43a81239a7dc180dec1ced577509c97081a3de26,

0xf306a94D409FCe4EE729F245ad79c488def56f41,

0x5dF7B378673A4c4697326e1CAc24AfF42eDcB5F5,

0xBcF0E01ae78B678dd4cDd8309514E237024d604b,

0x9744E10dC24D6A0E0A00a3147A53E5ee5DD4d2B7,

0x84666a6DDd5A78B6B99E2277Ec3D8d651dD52dF4,

0xA0d51D2ab4A60c44d69B8C540BdD3715242FBcD2,

0x115b5467F1dBAff511130F867A70f7797d4dbe6f,

0x6ba004c7221ed02e986ecd68bdacae65a1e45d85,

0x38663571F50219708246C744c98212F869b8e000,

0x1Fb993f07c9a61Ad761bec17dd13f26E1bE60a9e,

0xB44FC983a2AA30436e1004A0DC95D1eD7Ce9b4e1,

0xd3856C287b4081fF30B105B0cb268B33E571075a,

0x8fBaB50Fef7ee552FAb1e481f348730B4Ce0D331,

0xc8Fb69fF2eB3FA02776e1733ABf642CEDABcDe3e,

0xF470508ec6e51061ED30bD89603E4F882B552614,

0xD01B8E5A3FA7371A2251C810E7e481a7bF0a28ef,

0x652bFE871D624FBd3f67480526ed363004BcdE87,

0xc18800D4C3BA433B3D6ADd8954371514C548ec7a,

0x493b9E00e1bBe8A7A59c475dDc631314408e05af,

0xE54e7bb107a888543e0692044c848c60b7Df457A,

0x437DA562Bf95637e07945B6A1B013be08d92C0ca,

0x33Da268e46E25853E392B836032a12da3cd91965,

0xaf8f55D6a25e6587C2f026449b938E81a5C34626,

0x0d8eeBd761E815b37a61d91aB02F7842bE970239,

0xFdBBC78D34C1eA4176432D18A6dA3A9f9d913B63,

0x71baeec9883e6862753f0d3Ee136dFc3EC194678,

0xcCFA388A36C36a8Bd4ad504236dDa9A3536583aB,

0x69b5c3ee8c66EF7D30ecA14f03D9565E81bb0E14,

0xCD3831Ac5eC14Dd689b3851D03112C772e6752Fc,

0x89C4bbAfCbE90381D5b2F10f75957bB953f535F3,

0x8aAa15b47fd67319C6393F693c94dC222c1FCac2,

0xAd16df73E26704DF49E9219D81E6BE4c1c8A5920,

0x0262Ca37663C0360aE2A6f0EF663Da8908CF6d8A,

0x017D04773394BB75173d93Ba8D372594F1490111,

0x8b3CfBd07f1D16b215F9964e19cD5EAf1ddF4288,

0x4ed73593C0D07885fF3CFEae5F075A63Df8EE37F,

0xfA6f3C110f3a964be46987Df77210d7574093e90,

0xc7B84055FD6370A8dD846fDebAc0fA1e3383568D,

0xbbc2C06cac47f84587169b9141920de405c23E52,

0x50dd050ADA2A96729F9726bb2c09C9C8bEb2bbc8,

0xBA9D1078c7A8CCCDac915D82Ef87B15498037Ade,

0xe0d2cf7311833a349EF66fA616964c9203ec2095,

0x05b712f474c677394447A4981fFe6061Fc98C8d4,

0x702263dedcF6c0e7EDdf99B724d0c9DfEBA7D850,

0x5bD5D826E4275A2180E8c5Fa3C80a66ca461a375,

0xca029D65a23206DE781Cd67fA11525a45A22316B,

0x8cFA0060A2128bBe77Cc65295dE43580622DAfeA,

0xb702FBE4F50784946bea9eF1f80025541F564f39,

0xEd6Fac5f4c7Af66ad0FB49F22ECB2C76430F0F09,

0x61fcf631c3450b9174889d8deC47919486Cbf23a,

0x9500cf6f22a8a9126e5896dc5600ba9fbfedb0ed,

0x22b166788bf8e673f794acbc59a639660aa97039,

0xAAA3FBF1bE87e574d987033E69568a90fF027dD6,

0xa8Ccbc3333d755893d5ce1A83DD4B9A178054535,

0xbeF1bCa48188bBdE09FF13CAABb78eDfc632888b,
